{
  "xgboost": {
    "train_mae": 4465.237379618459,
    "train_rmse": 18834.508596311323,
    "train_r2": 0.20937949665938893,
    "train_mape": 380.61075044788686,
    "val_mae": 3908.495272229188,
    "val_rmse": 17482.355447852213,
    "val_r2": 0.1425324376834355,
    "val_mape": 692.6226556580448
  },
  "lightgbm": {
    "train_mae": 4839.715189919035,
    "train_rmse": 20121.986012881134,
    "train_r2": 0.09759566898680183,
    "train_mape": 362.2979637536759,
    "val_mae": 3934.7903427115443,
    "val_rmse": 18166.77547609518,
    "val_r2": 0.07407991394350855,
    "val_mape": 698.8270102125498
  },
  "catboost": {
    "train_mae": 4934.294813690679,
    "train_rmse": 20325.661347041958,
    "train_r2": 0.07923488636647691,
    "train_mape": 379.3513511725498,
    "val_mae": 3864.880387315435,
    "val_rmse": 18329.904169560526,
    "val_r2": 0.05737664317928015,
    "val_mape": 598.7137219500813
  },
  "ensemble": {
    "train_mae": 4764.180005346133,
    "train_rmse": 19884.310976718687,
    "train_r2": 0.11878764280560361,
    "train_mape": 361.5173899966696,
    "val_mae": 3895.4053438154974,
    "val_rmse": 18080.304312168573,
    "val_r2": 0.08287342140430753,
    "val_mape": 636.3767064596543
  }
}